﻿<ScanProductsByStoreAbbreviation xmlns="http://tempuri.org/">
  <scanDate>2012-10-28T21:48:25-07:00</scanDate>
  <regionAbbrev>NC</regionAbbrev>
  <storeAbbrev>PTH</storeAbbrev>
  <upcs>
    <string xmlns="http://schemas.microsoft.com/2003/10/Serialization/Arrays">0064767150081</string>
    <string xmlns="http://schemas.microsoft.com/2003/10/Serialization/Arrays">0064767150080</string>
    <string xmlns="http://schemas.microsoft.com/2003/10/Serialization/Arrays">0007873200426</string>
    <string xmlns="http://schemas.microsoft.com/2003/10/Serialization/Arrays">0070875602020</string>
    <string xmlns="http://schemas.microsoft.com/2003/10/Serialization/Arrays">0070875604040</string>
    <string xmlns="http://schemas.microsoft.com/2003/10/Serialization/Arrays">0089650000206</string>
    <string xmlns="http://schemas.microsoft.com/2003/10/Serialization/Arrays">0089650000203</string>
    <string xmlns="http://schemas.microsoft.com/2003/10/Serialization/Arrays">0089650000201</string>
    <string xmlns="http://schemas.microsoft.com/2003/10/Serialization/Arrays">0007873200400</string>
    <string xmlns="http://schemas.microsoft.com/2003/10/Serialization/Arrays">0007873200413</string>
    <string xmlns="http://schemas.microsoft.com/2003/10/Serialization/Arrays">0007873200401</string>
    <string xmlns="http://schemas.microsoft.com/2003/10/Serialization/Arrays">0074873200014</string>
    <string xmlns="http://schemas.microsoft.com/2003/10/Serialization/Arrays">0064767150069</string>
    <string xmlns="http://schemas.microsoft.com/2003/10/Serialization/Arrays">0064767150067</string>
    <string xmlns="http://schemas.microsoft.com/2003/10/Serialization/Arrays">0064767150066</string>
    <string xmlns="http://schemas.microsoft.com/2003/10/Serialization/Arrays">0079830413213</string>
    <string xmlns="http://schemas.microsoft.com/2003/10/Serialization/Arrays">0003087100001</string>
    <string xmlns="http://schemas.microsoft.com/2003/10/Serialization/Arrays">0003087130214</string>
    <string xmlns="http://schemas.microsoft.com/2003/10/Serialization/Arrays">0003087100002</string>
    <string xmlns="http://schemas.microsoft.com/2003/10/Serialization/Arrays">0087145900001</string>
    <string xmlns="http://schemas.microsoft.com/2003/10/Serialization/Arrays">0008259272064</string>
    <string xmlns="http://schemas.microsoft.com/2003/10/Serialization/Arrays">0074875317571</string>
    <string xmlns="http://schemas.microsoft.com/2003/10/Serialization/Arrays">0001405415334</string>
    <string xmlns="http://schemas.microsoft.com/2003/10/Serialization/Arrays">0009948242070</string>
    <string xmlns="http://schemas.microsoft.com/2003/10/Serialization/Arrays">0009948243532</string>
    <string xmlns="http://schemas.microsoft.com/2003/10/Serialization/Arrays">0009492296405</string>
    <string xmlns="http://schemas.microsoft.com/2003/10/Serialization/Arrays">0089177000212</string>
    <string xmlns="http://schemas.microsoft.com/2003/10/Serialization/Arrays">0064924114237</string>
    <string xmlns="http://schemas.microsoft.com/2003/10/Serialization/Arrays">0009948242400</string>
    <string xmlns="http://schemas.microsoft.com/2003/10/Serialization/Arrays">0009948241339</string>
    <string xmlns="http://schemas.microsoft.com/2003/10/Serialization/Arrays">0005215970027</string>
    <string xmlns="http://schemas.microsoft.com/2003/10/Serialization/Arrays">0009948242392</string>
    <string xmlns="http://schemas.microsoft.com/2003/10/Serialization/Arrays">0009948242396</string>
    <string xmlns="http://schemas.microsoft.com/2003/10/Serialization/Arrays">0009948242394</string>
    <string xmlns="http://schemas.microsoft.com/2003/10/Serialization/Arrays">0007085299096</string>
    <string xmlns="http://schemas.microsoft.com/2003/10/Serialization/Arrays">0007085299141</string>
    <string xmlns="http://schemas.microsoft.com/2003/10/Serialization/Arrays">0068765220078</string>
    <string xmlns="http://schemas.microsoft.com/2003/10/Serialization/Arrays">0066437260021</string>
    <string xmlns="http://schemas.microsoft.com/2003/10/Serialization/Arrays">0066437260009</string>
    <string xmlns="http://schemas.microsoft.com/2003/10/Serialization/Arrays">0089824800102</string>
    <string xmlns="http://schemas.microsoft.com/2003/10/Serialization/Arrays">0009948244215</string>
    <string xmlns="http://schemas.microsoft.com/2003/10/Serialization/Arrays">0008819434002</string>
    <string xmlns="http://schemas.microsoft.com/2003/10/Serialization/Arrays">0007085299134</string>
    <string xmlns="http://schemas.microsoft.com/2003/10/Serialization/Arrays">0009396600221</string>
    <string xmlns="http://schemas.microsoft.com/2003/10/Serialization/Arrays">0080487935727</string>
    <string xmlns="http://schemas.microsoft.com/2003/10/Serialization/Arrays">0074447394116</string>
    <string xmlns="http://schemas.microsoft.com/2003/10/Serialization/Arrays">0085290900329</string>
    <string xmlns="http://schemas.microsoft.com/2003/10/Serialization/Arrays">0085290900330</string>
    <string xmlns="http://schemas.microsoft.com/2003/10/Serialization/Arrays">0009948244074</string>
    <string xmlns="http://schemas.microsoft.com/2003/10/Serialization/Arrays">0009948243620</string>
    <string xmlns="http://schemas.microsoft.com/2003/10/Serialization/Arrays">0009948243618</string>
    <string xmlns="http://schemas.microsoft.com/2003/10/Serialization/Arrays">0009948243626</string>
    <string xmlns="http://schemas.microsoft.com/2003/10/Serialization/Arrays">0009948243627</string>
    <string xmlns="http://schemas.microsoft.com/2003/10/Serialization/Arrays">0007085299150</string>
    <string xmlns="http://schemas.microsoft.com/2003/10/Serialization/Arrays">0005215901330</string>
    <string xmlns="http://schemas.microsoft.com/2003/10/Serialization/Arrays">0089177000214</string>
    <string xmlns="http://schemas.microsoft.com/2003/10/Serialization/Arrays">0007349151000</string>
    <string xmlns="http://schemas.microsoft.com/2003/10/Serialization/Arrays">0009220200296</string>
    <string xmlns="http://schemas.microsoft.com/2003/10/Serialization/Arrays">0000000008662</string>
    <string xmlns="http://schemas.microsoft.com/2003/10/Serialization/Arrays">0082969600080</string>
    <string xmlns="http://schemas.microsoft.com/2003/10/Serialization/Arrays">0004973309101</string>
    <string xmlns="http://schemas.microsoft.com/2003/10/Serialization/Arrays">0085719000011</string>
    <string xmlns="http://schemas.microsoft.com/2003/10/Serialization/Arrays">0085719000001</string>
    <string xmlns="http://schemas.microsoft.com/2003/10/Serialization/Arrays">0009948244106</string>
    <string xmlns="http://schemas.microsoft.com/2003/10/Serialization/Arrays">0009948243833</string>
    <string xmlns="http://schemas.microsoft.com/2003/10/Serialization/Arrays">0009948243842</string>
    <string xmlns="http://schemas.microsoft.com/2003/10/Serialization/Arrays">0009948241468</string>
    <string xmlns="http://schemas.microsoft.com/2003/10/Serialization/Arrays">0009948244183</string>
    <string xmlns="http://schemas.microsoft.com/2003/10/Serialization/Arrays">0085343400221</string>
    <string xmlns="http://schemas.microsoft.com/2003/10/Serialization/Arrays">0060418312175</string>
    <string xmlns="http://schemas.microsoft.com/2003/10/Serialization/Arrays">0071477982307</string>
    <string xmlns="http://schemas.microsoft.com/2003/10/Serialization/Arrays">0063061400007</string>
    <string xmlns="http://schemas.microsoft.com/2003/10/Serialization/Arrays">0007430500032</string>
    <string xmlns="http://schemas.microsoft.com/2003/10/Serialization/Arrays">0007426118410</string>
    <string xmlns="http://schemas.microsoft.com/2003/10/Serialization/Arrays">0002354780000</string>
    <string xmlns="http://schemas.microsoft.com/2003/10/Serialization/Arrays">0078483010070</string>
    <string xmlns="http://schemas.microsoft.com/2003/10/Serialization/Arrays">0074447347045</string>
    <string xmlns="http://schemas.microsoft.com/2003/10/Serialization/Arrays">0074447347011</string>
    <string xmlns="http://schemas.microsoft.com/2003/10/Serialization/Arrays">0003879499492</string>
    <string xmlns="http://schemas.microsoft.com/2003/10/Serialization/Arrays">0063888200055</string>
    <string xmlns="http://schemas.microsoft.com/2003/10/Serialization/Arrays">0007990000157</string>
    <string xmlns="http://schemas.microsoft.com/2003/10/Serialization/Arrays">0009948243581</string>
    <string xmlns="http://schemas.microsoft.com/2003/10/Serialization/Arrays">0079437610003</string>
    <string xmlns="http://schemas.microsoft.com/2003/10/Serialization/Arrays">0009948240070</string>
    <string xmlns="http://schemas.microsoft.com/2003/10/Serialization/Arrays">0085033400400</string>
    <string xmlns="http://schemas.microsoft.com/2003/10/Serialization/Arrays">0085033400403</string>
    <string xmlns="http://schemas.microsoft.com/2003/10/Serialization/Arrays">0074951222355</string>
    <string xmlns="http://schemas.microsoft.com/2003/10/Serialization/Arrays">0075928360112</string>
    <string xmlns="http://schemas.microsoft.com/2003/10/Serialization/Arrays">0075928360106</string>
    <string xmlns="http://schemas.microsoft.com/2003/10/Serialization/Arrays">0068306130310</string>
    <string xmlns="http://schemas.microsoft.com/2003/10/Serialization/Arrays">0075928360011</string>
    <string xmlns="http://schemas.microsoft.com/2003/10/Serialization/Arrays">0075503900102</string>
    <string xmlns="http://schemas.microsoft.com/2003/10/Serialization/Arrays">0081334101223</string>
    <string xmlns="http://schemas.microsoft.com/2003/10/Serialization/Arrays">0001862744126</string>
    <string xmlns="http://schemas.microsoft.com/2003/10/Serialization/Arrays">0089162701002</string>
    <string xmlns="http://schemas.microsoft.com/2003/10/Serialization/Arrays">0002558300000</string>
    <string xmlns="http://schemas.microsoft.com/2003/10/Serialization/Arrays">0005844900009</string>
    <string xmlns="http://schemas.microsoft.com/2003/10/Serialization/Arrays">0005844900023</string>
    <string xmlns="http://schemas.microsoft.com/2003/10/Serialization/Arrays">0007347200116</string>
    <string xmlns="http://schemas.microsoft.com/2003/10/Serialization/Arrays">0007347200119</string>
    <string xmlns="http://schemas.microsoft.com/2003/10/Serialization/Arrays">0007084787656</string>
    <string xmlns="http://schemas.microsoft.com/2003/10/Serialization/Arrays">0007084787646</string>
    <string xmlns="http://schemas.microsoft.com/2003/10/Serialization/Arrays">0065487104607</string>
    <string xmlns="http://schemas.microsoft.com/2003/10/Serialization/Arrays">0004150830041</string>
    <string xmlns="http://schemas.microsoft.com/2003/10/Serialization/Arrays">0004150830036</string>
    <string xmlns="http://schemas.microsoft.com/2003/10/Serialization/Arrays">0009034132200</string>
    <string xmlns="http://schemas.microsoft.com/2003/10/Serialization/Arrays">0009948243158</string>
    <string xmlns="http://schemas.microsoft.com/2003/10/Serialization/Arrays">0004150873466</string>
    <string xmlns="http://schemas.microsoft.com/2003/10/Serialization/Arrays">0083879400511</string>
    <string xmlns="http://schemas.microsoft.com/2003/10/Serialization/Arrays">0004900005395</string>
    <string xmlns="http://schemas.microsoft.com/2003/10/Serialization/Arrays">0003894700005</string>
    <string xmlns="http://schemas.microsoft.com/2003/10/Serialization/Arrays">0063256500009</string>
    <string xmlns="http://schemas.microsoft.com/2003/10/Serialization/Arrays">0065487104901</string>
    <string xmlns="http://schemas.microsoft.com/2003/10/Serialization/Arrays">0065762241751</string>
    <string xmlns="http://schemas.microsoft.com/2003/10/Serialization/Arrays">0080812414103</string>
    <string xmlns="http://schemas.microsoft.com/2003/10/Serialization/Arrays">0009948243686</string>
    <string xmlns="http://schemas.microsoft.com/2003/10/Serialization/Arrays">0073291322831</string>
    <string xmlns="http://schemas.microsoft.com/2003/10/Serialization/Arrays">0073291322803</string>
    <string xmlns="http://schemas.microsoft.com/2003/10/Serialization/Arrays">0074917409891</string>
    <string xmlns="http://schemas.microsoft.com/2003/10/Serialization/Arrays">0077983602151</string>
    <string xmlns="http://schemas.microsoft.com/2003/10/Serialization/Arrays">0761046582165</string>
    <string xmlns="http://schemas.microsoft.com/2003/10/Serialization/Arrays">0007634408941</string>
    <string xmlns="http://schemas.microsoft.com/2003/10/Serialization/Arrays">0070617350003</string>
    <string xmlns="http://schemas.microsoft.com/2003/10/Serialization/Arrays">0007634408935</string>
    <string xmlns="http://schemas.microsoft.com/2003/10/Serialization/Arrays">0074515830052</string>
    <string xmlns="http://schemas.microsoft.com/2003/10/Serialization/Arrays">0007634401715</string>
    <string xmlns="http://schemas.microsoft.com/2003/10/Serialization/Arrays">0078087207251</string>
    <string xmlns="http://schemas.microsoft.com/2003/10/Serialization/Arrays">0009948243763</string>
    <string xmlns="http://schemas.microsoft.com/2003/10/Serialization/Arrays">0009948243769</string>
    <string xmlns="http://schemas.microsoft.com/2003/10/Serialization/Arrays">0018700600003</string>
    <string xmlns="http://schemas.microsoft.com/2003/10/Serialization/Arrays">0073291344057</string>
    <string xmlns="http://schemas.microsoft.com/2003/10/Serialization/Arrays">0073291344022</string>
    <string xmlns="http://schemas.microsoft.com/2003/10/Serialization/Arrays">0073291344026</string>
    <string xmlns="http://schemas.microsoft.com/2003/10/Serialization/Arrays">0033093315019</string>
    <string xmlns="http://schemas.microsoft.com/2003/10/Serialization/Arrays">0084667500016</string>
    <string xmlns="http://schemas.microsoft.com/2003/10/Serialization/Arrays">0085269700168</string>
    <string xmlns="http://schemas.microsoft.com/2003/10/Serialization/Arrays">0085634900203</string>
    <string xmlns="http://schemas.microsoft.com/2003/10/Serialization/Arrays">0002392320000</string>
    <string xmlns="http://schemas.microsoft.com/2003/10/Serialization/Arrays">0002392320000</string>
    <string xmlns="http://schemas.microsoft.com/2003/10/Serialization/Arrays">0085331100305</string>
    <string xmlns="http://schemas.microsoft.com/2003/10/Serialization/Arrays">0085005700311</string>
    <string xmlns="http://schemas.microsoft.com/2003/10/Serialization/Arrays">0086000000002</string>
    <string xmlns="http://schemas.microsoft.com/2003/10/Serialization/Arrays">0086000000001</string>
    <string xmlns="http://schemas.microsoft.com/2003/10/Serialization/Arrays">0085331100304</string>
    <string xmlns="http://schemas.microsoft.com/2003/10/Serialization/Arrays">0085331100301</string>
    <string xmlns="http://schemas.microsoft.com/2003/10/Serialization/Arrays">0072243023016</string>
    <string xmlns="http://schemas.microsoft.com/2003/10/Serialization/Arrays">0072243014016</string>
    <string xmlns="http://schemas.microsoft.com/2003/10/Serialization/Arrays">0060972242024</string>
    <string xmlns="http://schemas.microsoft.com/2003/10/Serialization/Arrays">0085204300303</string>
    <string xmlns="http://schemas.microsoft.com/2003/10/Serialization/Arrays">0009948240690</string>
    <string xmlns="http://schemas.microsoft.com/2003/10/Serialization/Arrays">0007054000079</string>
    <string xmlns="http://schemas.microsoft.com/2003/10/Serialization/Arrays">0067852303846</string>
    <string xmlns="http://schemas.microsoft.com/2003/10/Serialization/Arrays">0004157004428</string>
    <string xmlns="http://schemas.microsoft.com/2003/10/Serialization/Arrays">0009948241737</string>
    <string xmlns="http://schemas.microsoft.com/2003/10/Serialization/Arrays">0081029100104</string>
    <string xmlns="http://schemas.microsoft.com/2003/10/Serialization/Arrays">0089751900128</string>
    <string xmlns="http://schemas.microsoft.com/2003/10/Serialization/Arrays">0007831411175</string>
    <string xmlns="http://schemas.microsoft.com/2003/10/Serialization/Arrays">0007433338322</string>
    <string xmlns="http://schemas.microsoft.com/2003/10/Serialization/Arrays">0008983618278</string>
    <string xmlns="http://schemas.microsoft.com/2003/10/Serialization/Arrays">0009948241971</string>
    <string xmlns="http://schemas.microsoft.com/2003/10/Serialization/Arrays">0009948241920</string>
    <string xmlns="http://schemas.microsoft.com/2003/10/Serialization/Arrays">0009948241916</string>
    <string xmlns="http://schemas.microsoft.com/2003/10/Serialization/Arrays">0008912527000</string>
    <string xmlns="http://schemas.microsoft.com/2003/10/Serialization/Arrays">0008912528000</string>
    <string xmlns="http://schemas.microsoft.com/2003/10/Serialization/Arrays">0009948243896</string>
    <string xmlns="http://schemas.microsoft.com/2003/10/Serialization/Arrays">0003701424226</string>
    <string xmlns="http://schemas.microsoft.com/2003/10/Serialization/Arrays">0081767001010</string>
    <string xmlns="http://schemas.microsoft.com/2003/10/Serialization/Arrays">0081767001009</string>
    <string xmlns="http://schemas.microsoft.com/2003/10/Serialization/Arrays">0003701424231</string>
    <string xmlns="http://schemas.microsoft.com/2003/10/Serialization/Arrays">0081989500016</string>
    <string xmlns="http://schemas.microsoft.com/2003/10/Serialization/Arrays">0001356211107</string>
    <string xmlns="http://schemas.microsoft.com/2003/10/Serialization/Arrays">0001356211100</string>
    <string xmlns="http://schemas.microsoft.com/2003/10/Serialization/Arrays">0009948243417</string>
    <string xmlns="http://schemas.microsoft.com/2003/10/Serialization/Arrays">0009948243459</string>
    <string xmlns="http://schemas.microsoft.com/2003/10/Serialization/Arrays">0009948243458</string>
    <string xmlns="http://schemas.microsoft.com/2003/10/Serialization/Arrays">0089000000161</string>
    <string xmlns="http://schemas.microsoft.com/2003/10/Serialization/Arrays">0074447391236</string>
    <string xmlns="http://schemas.microsoft.com/2003/10/Serialization/Arrays">0002529360000</string>
    <string xmlns="http://schemas.microsoft.com/2003/10/Serialization/Arrays">0009948243624</string>
    <string xmlns="http://schemas.microsoft.com/2003/10/Serialization/Arrays">0009948243623</string>
    <string xmlns="http://schemas.microsoft.com/2003/10/Serialization/Arrays">0009948241991</string>
    <string xmlns="http://schemas.microsoft.com/2003/10/Serialization/Arrays">0009948241992</string>
    <string xmlns="http://schemas.microsoft.com/2003/10/Serialization/Arrays">0001862770321</string>
    <string xmlns="http://schemas.microsoft.com/2003/10/Serialization/Arrays">0002190820000</string>
    <string xmlns="http://schemas.microsoft.com/2003/10/Serialization/Arrays">0009948243901</string>
    <string xmlns="http://schemas.microsoft.com/2003/10/Serialization/Arrays">0083522800611</string>
    <string xmlns="http://schemas.microsoft.com/2003/10/Serialization/Arrays">0018450000003</string>
    <string xmlns="http://schemas.microsoft.com/2003/10/Serialization/Arrays">0061007407580</string>
    <string xmlns="http://schemas.microsoft.com/2003/10/Serialization/Arrays">0002190810000</string>
    <string xmlns="http://schemas.microsoft.com/2003/10/Serialization/Arrays">0009948241977</string>
    <string xmlns="http://schemas.microsoft.com/2003/10/Serialization/Arrays">0085352200080</string>
    <string xmlns="http://schemas.microsoft.com/2003/10/Serialization/Arrays">0081904600044</string>
    <string xmlns="http://schemas.microsoft.com/2003/10/Serialization/Arrays">0072822901315</string>
    <string xmlns="http://schemas.microsoft.com/2003/10/Serialization/Arrays">0072822978922</string>
    <string xmlns="http://schemas.microsoft.com/2003/10/Serialization/Arrays">0008411410985</string>
    <string xmlns="http://schemas.microsoft.com/2003/10/Serialization/Arrays">0009948243538</string>
    <string xmlns="http://schemas.microsoft.com/2003/10/Serialization/Arrays">0060418311050</string>
    <string xmlns="http://schemas.microsoft.com/2003/10/Serialization/Arrays">0007873200215</string>
    <string xmlns="http://schemas.microsoft.com/2003/10/Serialization/Arrays">0001583900001</string>
  </upcs>
</ScanProductsByStoreAbbreviation>

