﻿<?xml version="1.0" encoding="utf-8" ?>
<regions>
  <region>
  <regionID>FL</regionID>
    <regionName>Florida</regionName>
  </region>
  <region>
  <regionID>MA</regionID>
    <regionName>Mid-Atlantic</regionName>
  </region>
  <region>
  <regionID>MW</regionID>
    <regionName>Midwest</regionName>
  </region>
  <region>
  <regionID>NA</regionID>
    <regionName>North Atlantic</regionName>
  </region>
  <region>
  <regionID>NC</regionID>
    <regionName>Northern California</regionName>
  </region>
  <region>
  <regionID>NE</regionID>
    <regionName>Northeast</regionName>
  </region>
  <region>
  <regionID>PN</regionID>
    <regionName>Pacific Northwest</regionName>
  </region>
  <region>
  <regionID>RM</regionID>
    <regionName>Rocky Mountain</regionName>
  </region>
 <region>
  <regionID>SO</regionID>
    <regionName>South</regionName>
  </region>
 <region>
  <regionID>SP</regionID>
  <regionName>Southern Pacific</regionName>
  </region>
  <region>
  <regionID>SW</regionID>
    <regionName>Southwest</regionName>
  </region>
  <region>
  <regionID>UK</regionID>
    <regionName>United Kingdom</regionName>
  </region>
</regions>
