<oos>
  <item_data name="0001396434970" reason_code="3" start_date="07/03/2012" vin="0993519" />
  <item_data name="0001396434971" reason_code="3" start_date="07/03/2012" vin="0993535" />
  <item_data name="0001396434974" reason_code="3" start_date="07/03/2012" vin="0993576" />
  <item_data name="0001396434977" reason_code="3" start_date="07/03/2012" vin="0993592" />
  <item_data name="0002354261042" reason_code="3" start_date="12/30/2012" vin="0443978" />
  <item_data name="0002418200074" reason_code="3" start_date="12/30/2012" vin="0446997" />
  <item_data name="0002529360004" reason_code="2" start_date="12/06/2012" vin="0146621" />
  <item_data name="0002529360005" reason_code="2" start_date="12/06/2012" vin="0146647" />
  <item_data name="0002529360011" reason_code="2" start_date="12/06/2012" vin="0403261" />
  <item_data name="0002529360013" reason_code="2" start_date="12/06/2012" vin="0403329" />
  <item_data name="0002529360018" reason_code="2" start_date="12/06/2012" vin="0104851" />
  <item_data name="0002567535063" reason_code="1" start_date="12/06/2012" vin="0696609" />
  <item_data name="0002567575015" reason_code="1" start_date="12/06/2012" vin="0691584" />
  <item_data name="0002836783697" reason_code="3" start_date="07/03/2012" vin="0850727" />
  <item_data name="0003701498008" reason_code="3" start_date="07/03/2012" vin="0997254" />
  <item_data name="0004165345674" reason_code="4" start_date="07/03/2012" vin="0345918" />
  <item_data name="0004342740103" reason_code="1" start_date="12/06/2012" vin="0966267" />
  <item_data name="0004529608132" reason_code="3" start_date="07/03/2012" vin="0260877" />
  <item_data name="0004529664116" reason_code="3" start_date="07/03/2012" vin="1111053" />
  <item_data name="0004960600321" reason_code="1" start_date="12/06/2012" vin="0661207" />
  <item_data name="0005215954033" reason_code="4" start_date="07/03/2012" vin="0804344" />
  <item_data name="0007035630030" reason_code="4" start_date="07/03/2012" vin="0940205" />
  <item_data name="0007337707140" reason_code="3" start_date="07/03/2012" vin="0755041" />
  <item_data name="0007717264178" reason_code="3" start_date="07/03/2012" vin="0582932" />
  <item_data name="0008114605100" reason_code="2" start_date="12/06/2012" vin="0229781" />
  <item_data name="0008114605300" reason_code="2" start_date="12/06/2012" vin="0229757" />
  <item_data name="0008385120888" reason_code="3" start_date="07/03/2012" vin="1090091" />
  <item_data name="0008425324039" reason_code="2" start_date="12/06/2012" vin="0342980" />
  <item_data name="0008870270389" reason_code="3" start_date="07/03/2012" vin="1091388" />
  <item_data name="0008870270390" reason_code="3" start_date="07/03/2012" vin="1091370" />
  <item_data name="0009492249970" reason_code="6" start_date="07/03/2012" vin="1093558" />
  <item_data name="0009492268970" reason_code="4" start_date="07/03/2012" vin="0687202" />
  <item_data name="0009492280439" reason_code="6" start_date="07/03/2012" vin="1093533" />
  <item_data name="0009742102006" reason_code="3" start_date="07/03/2012" vin="0200220" />
  <item_data name="0009948244078" reason_code="3" start_date="09/30/2012" vin="1093814" />
  <item_data name="0060972260491" reason_code="3" start_date="07/03/2012" vin="1107606" />
  <item_data name="0063165670158" reason_code="4" start_date="07/03/2012" vin="0177865" />
  <item_data name="0066027506214" reason_code="3" start_date="07/03/2012" vin="1006063" />
  <item_data name="0071623718162" reason_code="3" start_date="07/03/2012" vin="0187146" />
  <item_data name="0071623718385" reason_code="3" start_date="07/03/2012" vin="1110030" />
  <item_data name="0071623718386" reason_code="3" start_date="07/03/2012" vin="1110055" />
  <item_data name="0071833422236" reason_code="3" start_date="07/03/2012" vin="0652016" />
  <item_data name="0071833422310" reason_code="3" start_date="07/03/2012" vin="0954776" />
  <item_data name="0071833432227" reason_code="3" start_date="07/03/2012" vin="0403956" />
  <item_data name="0071833433735" reason_code="3" start_date="07/03/2012" vin="0428284" />
  <item_data name="0072831500632" reason_code="2" start_date="12/06/2012" vin="1043330" />
  <item_data name="0078099900291" reason_code="3" start_date="07/03/2012" vin="0696583" />
  <item_data name="0079229000203" reason_code="3" start_date="07/03/2012" vin="0567263" />
  <item_data name="0079229000208" reason_code="3" start_date="07/03/2012" vin="0567701" />
  <item_data name="0079229000209" reason_code="3" start_date="07/03/2012" vin="0567800" />
  <item_data name="0085004700100" reason_code="6" start_date="07/03/2012" vin="0918524" />
  <item_data name="0085198100101" reason_code="6" start_date="10/28/2012" vin="0889758" />
  <item_data name="0085198100102" reason_code="6" start_date="07/03/2012" vin="0889790" />
  <item_data name="0085198100105" reason_code="6" start_date="10/28/2012" vin="0282467" />
  <item_data name="0085198100107" reason_code="6" start_date="10/28/2012" vin="0416677" />
  <item_data name="0085198100202" reason_code="6" start_date="07/03/2012" vin="0718023" />
  <item_data name="0085198100204" reason_code="6" start_date="09/30/2012" vin="0718205" />
  <item_data name="0085198100206" reason_code="6" start_date="07/03/2012" vin="0717967" />
  <item_data name="0085343400200" reason_code="4" start_date="12/30/2012" vin="0594945" />
  <item_data name="0085343400201" reason_code="4" start_date="12/30/2012" vin="0594929" />
  <item_data name="0085343400205" reason_code="4" start_date="12/30/2012" vin="0595041" />
  <item_data name="0085343400216" reason_code="4" start_date="12/30/2012" vin="1042340" />
  <item_data name="0085521201040" reason_code="4" start_date="07/03/2012" vin="0662684" />
  <item_data name="0087449200143" reason_code="3" start_date="07/03/2012" vin="0462234" />
  <item_data name="0087449200191" reason_code="3" start_date="07/03/2012" vin="1126838" />
  <item_data name="0087979200006" reason_code="1" start_date="12/06/2012" vin="0638932" />
  <item_data name="0089783200205" reason_code="1" start_date="12/06/2012" vin="0599522" />
  <item_data name="0089896700044" reason_code="3" start_date="07/03/2012" vin="0608521" />
  <vendor_region_map name="UNFI-SO" region="SO" vendor_key="UNFI" />
</oos>
