﻿<ScanProductsByStoreAbbreviation xmlns="http://tempuri.org/">
  <scanDate>2013-01-08T12:11:00-08:00</scanDate>
  <regionAbbrev>NC</regionAbbrev>
  <storeAbbrev>RAM</storeAbbrev>
  <upcs>
    <string xmlns="http://schemas.microsoft.com/2003/10/Serialization/Arrays">0708756050507</string>
    <string xmlns="http://schemas.microsoft.com/2003/10/Serialization/Arrays">0044115448012</string>
    <string xmlns="http://schemas.microsoft.com/2003/10/Serialization/Arrays">0744473912100</string>
    <string xmlns="http://schemas.microsoft.com/2003/10/Serialization/Arrays">0649241832539</string>
    <string xmlns="http://schemas.microsoft.com/2003/10/Serialization/Arrays">0081146002103</string>
    <string xmlns="http://schemas.microsoft.com/2003/10/Serialization/Arrays">0689544081661</string>
    <string xmlns="http://schemas.microsoft.com/2003/10/Serialization/Arrays">0784830004109</string>
    <string xmlns="http://schemas.microsoft.com/2003/10/Serialization/Arrays">0795709010145</string>
    <string xmlns="http://schemas.microsoft.com/2003/10/Serialization/Arrays">0897865001217</string>
    <string xmlns="http://schemas.microsoft.com/2003/10/Serialization/Arrays">0843571002215</string>
    <string xmlns="http://schemas.microsoft.com/2003/10/Serialization/Arrays">0854137000705</string>
    <string xmlns="http://schemas.microsoft.com/2003/10/Serialization/Arrays">0015839000015</string>
    <string xmlns="http://schemas.microsoft.com/2003/10/Serialization/Arrays">0850176003004</string>
    <string xmlns="http://schemas.microsoft.com/2003/10/Serialization/Arrays">0604183130402</string>
    <string xmlns="http://schemas.microsoft.com/2003/10/Serialization/Arrays">0022518800000</string>
    <string xmlns="http://schemas.microsoft.com/2003/10/Serialization/Arrays">0042272003525</string>
    <string xmlns="http://schemas.microsoft.com/2003/10/Serialization/Arrays">0099482444006</string>
    <string xmlns="http://schemas.microsoft.com/2003/10/Serialization/Arrays">0099482406585</string>
    <string xmlns="http://schemas.microsoft.com/2003/10/Serialization/Arrays">0732913227013</string>
    <string xmlns="http://schemas.microsoft.com/2003/10/Serialization/Arrays">0780872080125</string>
    <string xmlns="http://schemas.microsoft.com/2003/10/Serialization/Arrays">0028484400000</string>
    <string xmlns="http://schemas.microsoft.com/2003/10/Serialization/Arrays">0028484100000</string>
    <string xmlns="http://schemas.microsoft.com/2003/10/Serialization/Arrays">0657622123183</string>
    <string xmlns="http://schemas.microsoft.com/2003/10/Serialization/Arrays">0070847009122</string>
    <string xmlns="http://schemas.microsoft.com/2003/10/Serialization/Arrays">0720871003107</string>
    <string xmlns="http://schemas.microsoft.com/2003/10/Serialization/Arrays">0093966004328</string>
    <string xmlns="http://schemas.microsoft.com/2003/10/Serialization/Arrays">0744473912643</string>
    <string xmlns="http://schemas.microsoft.com/2003/10/Serialization/Arrays">0870001000022</string>
    <string xmlns="http://schemas.microsoft.com/2003/10/Serialization/Arrays">0011368002384</string>
    <string xmlns="http://schemas.microsoft.com/2003/10/Serialization/Arrays">0011368002209</string>
    <string xmlns="http://schemas.microsoft.com/2003/10/Serialization/Arrays">0099482439033</string>
    <string xmlns="http://schemas.microsoft.com/2003/10/Serialization/Arrays">0021908100000</string>
    <string xmlns="http://schemas.microsoft.com/2003/10/Serialization/Arrays">0074333511014</string>
    <string xmlns="http://schemas.microsoft.com/2003/10/Serialization/Arrays">0858246001257</string>
    <string xmlns="http://schemas.microsoft.com/2003/10/Serialization/Arrays">0850634003027</string>
    <string xmlns="http://schemas.microsoft.com/2003/10/Serialization/Arrays">0018627710035</string>
    <string xmlns="http://schemas.microsoft.com/2003/10/Serialization/Arrays">0722252191038</string>
    <string xmlns="http://schemas.microsoft.com/2003/10/Serialization/Arrays">0786969010051</string>
    <string xmlns="http://schemas.microsoft.com/2003/10/Serialization/Arrays">0896180001032</string>
    <string xmlns="http://schemas.microsoft.com/2003/10/Serialization/Arrays">0013000001014</string>
    <string xmlns="http://schemas.microsoft.com/2003/10/Serialization/Arrays">0099482416720</string>
    <string xmlns="http://schemas.microsoft.com/2003/10/Serialization/Arrays">0081912020706</string>
    <string xmlns="http://schemas.microsoft.com/2003/10/Serialization/Arrays">0631723201100</string>
    <string xmlns="http://schemas.microsoft.com/2003/10/Serialization/Arrays">0728119098922</string>
    <string xmlns="http://schemas.microsoft.com/2003/10/Serialization/Arrays">0728119098908</string>
    <string xmlns="http://schemas.microsoft.com/2003/10/Serialization/Arrays">0099482416416</string>
    <string xmlns="http://schemas.microsoft.com/2003/10/Serialization/Arrays">0726635120103</string>
    <string xmlns="http://schemas.microsoft.com/2003/10/Serialization/Arrays">0661563002407</string>
    <string xmlns="http://schemas.microsoft.com/2003/10/Serialization/Arrays">0823182000046</string>
    <string xmlns="http://schemas.microsoft.com/2003/10/Serialization/Arrays">0850561003015</string>
    <string xmlns="http://schemas.microsoft.com/2003/10/Serialization/Arrays">0711175117034</string>
    <string xmlns="http://schemas.microsoft.com/2003/10/Serialization/Arrays">0077241500507</string>
    <string xmlns="http://schemas.microsoft.com/2003/10/Serialization/Arrays">0734027901414</string>
    <string xmlns="http://schemas.microsoft.com/2003/10/Serialization/Arrays">0094776078776</string>
    <string xmlns="http://schemas.microsoft.com/2003/10/Serialization/Arrays">0800091000022</string>
    <string xmlns="http://schemas.microsoft.com/2003/10/Serialization/Arrays">0800091000923</string>
    <string xmlns="http://schemas.microsoft.com/2003/10/Serialization/Arrays">0013933533941</string>
    <string xmlns="http://schemas.microsoft.com/2003/10/Serialization/Arrays">0099482416652</string>
    <string xmlns="http://schemas.microsoft.com/2003/10/Serialization/Arrays">0099482414429</string>
    <string xmlns="http://schemas.microsoft.com/2003/10/Serialization/Arrays">0070370000160</string>
    <string xmlns="http://schemas.microsoft.com/2003/10/Serialization/Arrays">0076808280982</string>
    <string xmlns="http://schemas.microsoft.com/2003/10/Serialization/Arrays">0024094000000</string>
    <string xmlns="http://schemas.microsoft.com/2003/10/Serialization/Arrays">0073416197633</string>
    <string xmlns="http://schemas.microsoft.com/2003/10/Serialization/Arrays">0099482414238</string>
    <string xmlns="http://schemas.microsoft.com/2003/10/Serialization/Arrays">0044300106253</string>
    <string xmlns="http://schemas.microsoft.com/2003/10/Serialization/Arrays">0044300106369</string>
    <string xmlns="http://schemas.microsoft.com/2003/10/Serialization/Arrays">0099482442552</string>
    <string xmlns="http://schemas.microsoft.com/2003/10/Serialization/Arrays">0767335000807</string>
    <string xmlns="http://schemas.microsoft.com/2003/10/Serialization/Arrays">0025200000000</string>
    <string xmlns="http://schemas.microsoft.com/2003/10/Serialization/Arrays">0025200000000</string>
    <string xmlns="http://schemas.microsoft.com/2003/10/Serialization/Arrays">0898403002239</string>
    <string xmlns="http://schemas.microsoft.com/2003/10/Serialization/Arrays">0898403002277</string>
    <string xmlns="http://schemas.microsoft.com/2003/10/Serialization/Arrays">0000000008092</string>
    <string xmlns="http://schemas.microsoft.com/2003/10/Serialization/Arrays">0000000005024</string>
    <string xmlns="http://schemas.microsoft.com/2003/10/Serialization/Arrays">0000000005297</string>
    <string xmlns="http://schemas.microsoft.com/2003/10/Serialization/Arrays">0000000006051</string>
    <string xmlns="http://schemas.microsoft.com/2003/10/Serialization/Arrays">0000000008645</string>
    <string xmlns="http://schemas.microsoft.com/2003/10/Serialization/Arrays">0000000009948</string>
  </upcs>
</ScanProductsByStoreAbbreviation>

