﻿<ns0:Consume xmlns:ns0="http://tempuri.org/" xmlns:ns1="http://schemas.datacontract.org/2004/07/OOS.Model.Feed">
  <ns0:feeds>
    <ns1:StoreFeed>
      <ns1:address>5600+Magazine+St</ns1:address>
      <ns1:address2></ns1:address2>
      <ns1:blogid>70</ns1:blogid>
      <ns1:city>New+Orleans</ns1:city>
      <ns1:country>USA</ns1:country>
      <ns1:fax>504.899.9210</ns1:fax>
      <ns1:folder>arabellastation</ns1:folder>
      <ns1:hours>9am+-+9pm%3A+Monday+through+Saturday%0D%0A9am+-+8pm%3A+Sunday.</ns1:hours>
      <ns1:lat>29.921103</ns1:lat>
      <ns1:lon>-90.117292</ns1:lon>
      <ns1:mapblurb></ns1:mapblurb>
      <ns1:miscinfo></ns1:miscinfo>
      <ns1:modified_dt>2012-05-01+13%3A01%3A08</ns1:modified_dt>
      <ns1:name>Arabella+Station</ns1:name>
      <ns1:phone>504.899.9119</ns1:phone>
      <ns1:region>SW</ns1:region>
      <ns1:state>Louisiana</ns1:state>
      <ns1:status>OPEN</ns1:status>
      <ns1:tlc>ABS</ns1:tlc>
      <ns1:zipchar>70115</ns1:zipchar>
    </ns1:StoreFeed>
    <ns1:StoreFeed>
      <ns1:address>Annapolis+Towne+Centre+at+Parole%3Cbr+%2F%3E200+Harker+Place%2C+Suite+100</ns1:address>
      <ns1:address2></ns1:address2>
      <ns1:blogid>0</ns1:blogid>
      <ns1:city>Annapolis</ns1:city>
      <ns1:country>USA</ns1:country>
      <ns1:fax></ns1:fax>
      <ns1:folder>annapolisculinary</ns1:folder>
      <ns1:hours>8%3A00+a.m.+to+10%3A00+p.m.+seven+days+a+week</ns1:hours>
      <ns1:lat>38.980751</ns1:lat>
      <ns1:lon>-76.538025</ns1:lon>
      <ns1:mapblurb></ns1:mapblurb>
      <ns1:miscinfo></ns1:miscinfo>
      <ns1:modified_dt>2011-12-08+15%3A44%3A37</ns1:modified_dt>
      <ns1:name>Annapolis+Culinary+Center</ns1:name>
      <ns1:phone>410.224.2042</ns1:phone>
      <ns1:region>MA</ns1:region>
      <ns1:state>Maryland</ns1:state>
      <ns1:status>OPEN</ns1:status>
      <ns1:tlc>ACC</ns1:tlc>
      <ns1:zipchar>21410</ns1:zipchar>
    </ns1:StoreFeed>
    <ns1:StoreFeed>
      <ns1:address>5815+Wyoming+Blvd+NE</ns1:address>
      <ns1:address2></ns1:address2>
      <ns1:blogid>52</ns1:blogid>
      <ns1:city>Albuquerque</ns1:city>
      <ns1:country>USA</ns1:country>
      <ns1:fax>505.858.3048</ns1:fax>
      <ns1:folder>albuquerque</ns1:folder>
      <ns1:hours>7%3A30+a.m.+to+10%3A00+p.m.+seven+days+a+week.</ns1:hours>
      <ns1:lat>35.146797</ns1:lat>
      <ns1:lon>-106.554591</ns1:lon>
      <ns1:mapblurb></ns1:mapblurb>
      <ns1:miscinfo></ns1:miscinfo>
      <ns1:modified_dt>2011-12-16+16%3A27%3A06</ns1:modified_dt>
      <ns1:name>Academy</ns1:name>
      <ns1:phone>505.856.0474</ns1:phone>
      <ns1:region>RM</ns1:region>
      <ns1:state>New+Mexico</ns1:state>
      <ns1:status>OPEN</ns1:status>
      <ns1:tlc>ACD</ns1:tlc>
      <ns1:zipchar>87109</ns1:zipchar>
    </ns1:StoreFeed>
    <ns1:StoreFeed>
      <ns1:address>12799+Claude+Court</ns1:address>
      <ns1:address2></ns1:address2>
      <ns1:blogid>0</ns1:blogid>
      <ns1:city>Allegro</ns1:city>
      <ns1:country>USA</ns1:country>
      <ns1:fax>800.530.3993</ns1:fax>
      <ns1:folder>acc_test</ns1:folder>
      <ns1:hours></ns1:hours>
      <ns1:lat>39.707808</ns1:lat>
      <ns1:lon>-105.081321</ns1:lon>
      <ns1:mapblurb></ns1:mapblurb>
      <ns1:miscinfo></ns1:miscinfo>
      <ns1:modified_dt>2011-12-09+16%3A17%3A52</ns1:modified_dt>
      <ns1:name>Allegro+Coffee+Company</ns1:name>
      <ns1:phone>800.277.1107</ns1:phone>
      <ns1:region>RM</ns1:region>
      <ns1:state>Colorado</ns1:state>
      <ns1:status>OPEN</ns1:status>
      <ns1:tlc>ACZ</ns1:tlc>
      <ns1:zipchar>80241</ns1:zipchar>
    </ns1:StoreFeed>
    <ns1:StoreFeed>
      <ns1:address>3135+Washtenaw+Ave</ns1:address>
      <ns1:address2></ns1:address2>
      <ns1:blogid>0</ns1:blogid>
      <ns1:city>Ann+Arbor</ns1:city>
      <ns1:country>USA</ns1:country>
      <ns1:fax>734.975.4545</ns1:fax>
      <ns1:folder>annarbor</ns1:folder>
      <ns1:hours>8%3A00+a.m.+to+10%3A00+p.m.+seven+days+a+week.</ns1:hours>
      <ns1:lat>42.257373</ns1:lat>
      <ns1:lon>-83.6981</ns1:lon>
      <ns1:mapblurb></ns1:mapblurb>
      <ns1:miscinfo></ns1:miscinfo>
      <ns1:modified_dt>2011-12-16+16%3A27%3A06</ns1:modified_dt>
      <ns1:name>Ann+Arbor</ns1:name>
      <ns1:phone>734.975.4500</ns1:phone>
      <ns1:region>MW</ns1:region>
      <ns1:state>Michigan</ns1:state>
      <ns1:status>OPEN</ns1:status>
      <ns1:tlc>ARB</ns1:tlc>
      <ns1:zipchar>48104</ns1:zipchar>
    </ns1:StoreFeed>
    <ns1:StoreFeed>
      <ns1:address>4315+Arden+Way</ns1:address>
      <ns1:address2></ns1:address2>
      <ns1:blogid>24</ns1:blogid>
      <ns1:city>Sacramento</ns1:city>
      <ns1:country>USA</ns1:country>
      <ns1:fax>916.488.2801</ns1:fax>
      <ns1:folder>sacramento</ns1:folder>
      <ns1:hours>8%3A00+a.m.+to+9%3A00+p.m.+seven+days+a+week+%0D%0A%0D%0AHOLIDAY+HOURS%0D%0ADecember+23+7+am+-10+pm%0D%0ADecember+24+7+am+-+6+pm%0D%0AChristmas+Day+-+CLOSED</ns1:hours>
      <ns1:lat>38.595827</ns1:lat>
      <ns1:lon>-121.364298</ns1:lon>
      <ns1:mapblurb></ns1:mapblurb>
      <ns1:miscinfo>Place+you+Holiday+orders+after+December+1st+both+in-store+and+online%21+Last+day+for+placing+Christmas+orders%3A%0D%0ATuesday+12%2F22+%40+9+pm</ns1:miscinfo>
      <ns1:modified_dt>2011-12-16+16%3A27%3A05</ns1:modified_dt>
      <ns1:name>Sacramento</ns1:name>
      <ns1:phone>916.488.2800</ns1:phone>
      <ns1:region>NC</ns1:region>
      <ns1:state>California</ns1:state>
      <ns1:status>OPEN</ns1:status>
      <ns1:tlc>ARD</ns1:tlc>
      <ns1:zipchar>95864</ns1:zipchar>
    </ns1:StoreFeed>
    <ns1:StoreFeed>
      <ns1:address>1180+Upper+Hembree+Rd</ns1:address>
      <ns1:address2></ns1:address2>
      <ns1:blogid>89</ns1:blogid>
      <ns1:city>Roswell</ns1:city>
      <ns1:country>USA</ns1:country>
      <ns1:fax>770.772.9070</ns1:fax>
      <ns1:folder>alpharetta</ns1:folder>
      <ns1:hours>8%3A00+a.m.+to+9%3A00+p.m.+Monday+to+Saturday%3Cbr+%2F%3E+8%3A00+a.m.+to+8%3A00+p.m.+Sunday.+Coffee%2FGelato+Bar+Hours%3A++7%3A00+a.m.+to++7%3A00+p.m.+seven+days+a+week</ns1:hours>
      <ns1:lat>34.068145</ns1:lat>
      <ns1:lon>-84.325702</ns1:lon>
      <ns1:mapblurb></ns1:mapblurb>
      <ns1:miscinfo></ns1:miscinfo>
      <ns1:modified_dt>2011-12-16+16%3A27%3A05</ns1:modified_dt>
      <ns1:name>Alpharetta+Harry%27s</ns1:name>
      <ns1:phone>770.664.6300</ns1:phone>
      <ns1:region>SO</ns1:region>
      <ns1:state>Georgia</ns1:state>
      <ns1:status>OPEN</ns1:status>
      <ns1:tlc>ARE</ns1:tlc>
      <ns1:zipchar>30076</ns1:zipchar>
    </ns1:StoreFeed>
    <ns1:StoreFeed>
      <ns1:address>2700+Wilson+Blvd</ns1:address>
      <ns1:address2></ns1:address2>
      <ns1:blogid>0</ns1:blogid>
      <ns1:city>Arlington</ns1:city>
      <ns1:country>USA</ns1:country>
      <ns1:fax>703.527.6568</ns1:fax>
      <ns1:folder>arlington</ns1:folder>
      <ns1:hours>8%3A00+a.m.+to+10%3A30+p.m.+seven+days+a+week.</ns1:hours>
      <ns1:lat>38.889418</ns1:lat>
      <ns1:lon>-77.090784</ns1:lon>
      <ns1:mapblurb></ns1:mapblurb>
      <ns1:miscinfo></ns1:miscinfo>
      <ns1:modified_dt>2011-12-31+19%3A58%3A37</ns1:modified_dt>
      <ns1:name>Arlington</ns1:name>
      <ns1:phone>703.527.6596</ns1:phone>
      <ns1:region>MA</ns1:region>
      <ns1:state>Virginia</ns1:state>
      <ns1:status>OPEN</ns1:status>
      <ns1:tlc>ARL</ns1:tlc>
      <ns1:zipchar>22201</ns1:zipchar>
    </ns1:StoreFeed>
    <ns1:StoreFeed>
      <ns1:address>465+South+Arroyo+Parkway</ns1:address>
      <ns1:address2></ns1:address2>
      <ns1:blogid>45</ns1:blogid>
      <ns1:city>Pasadena</ns1:city>
      <ns1:country>USA</ns1:country>
      <ns1:fax>626.204.2277</ns1:fax>
      <ns1:folder>arroyo</ns1:folder>
      <ns1:hours>7%3A00+a.m.+to+10%3A00+p.m.+seven+days+a+week.</ns1:hours>
      <ns1:lat>34.13788</ns1:lat>
      <ns1:lon>-118.147428</ns1:lon>
      <ns1:mapblurb></ns1:mapblurb>
      <ns1:miscinfo></ns1:miscinfo>
      <ns1:modified_dt>2011-12-16+16%3A27%3A05</ns1:modified_dt>
      <ns1:name>Arroyo</ns1:name>
      <ns1:phone>626.204.2266</ns1:phone>
      <ns1:region>SP</ns1:region>
      <ns1:state>California</ns1:state>
      <ns1:status>OPEN</ns1:status>
      <ns1:tlc>ARR</ns1:tlc>
      <ns1:zipchar>91105</ns1:zipchar>
    </ns1:StoreFeed>
    <ns1:StoreFeed>
      <ns1:address>70+Merrimon+Ave</ns1:address>
      <ns1:address2></ns1:address2>
      <ns1:blogid>0</ns1:blogid>
      <ns1:city>Asheville</ns1:city>
      <ns1:country>USA</ns1:country>
      <ns1:fax></ns1:fax>
      <ns1:folder>asheville</ns1:folder>
      <ns1:hours>Everyday+7%3A30am+-+9%3A00pm</ns1:hours>
      <ns1:lat>35.602015</ns1:lat>
      <ns1:lon>-82.5545906</ns1:lon>
      <ns1:mapblurb></ns1:mapblurb>
      <ns1:miscinfo></ns1:miscinfo>
      <ns1:modified_dt>2011-12-16+16%3A27%3A05</ns1:modified_dt>
      <ns1:name>Greenlife+Grocery+Asheville</ns1:name>
      <ns1:phone>828.254.5440</ns1:phone>
      <ns1:region>SO</ns1:region>
      <ns1:state>North+Carolina</ns1:state>
      <ns1:status>OPEN</ns1:status>
      <ns1:tlc>ASH</ns1:tlc>
      <ns1:zipchar>28801</ns1:zipchar>
    </ns1:StoreFeed>
    <ns1:StoreFeed>
      <ns1:address>Annapolis+Towne+Centre+at+Parole%3Cbr+%2F%3E200+Harker+Place%2C+Suite+100</ns1:address>
      <ns1:address2></ns1:address2>
      <ns1:blogid>36</ns1:blogid>
      <ns1:city>Annapolis</ns1:city>
      <ns1:country>USA</ns1:country>
      <ns1:fax>410.573.1801</ns1:fax>
      <ns1:folder>annapolis</ns1:folder>
      <ns1:hours>Monday+-+Saturday%3A+8am+-+10pm%3Cbr+%3ESunday%3A+8am+-+9pm%3Cbr%3EEvery+Day+8am%3A+Coffee+roaster+bar+and+breakfast+bar+open</ns1:hours>
      <ns1:lat>38.980751</ns1:lat>
      <ns1:lon>-76.538025</ns1:lon>
      <ns1:mapblurb></ns1:mapblurb>
      <ns1:miscinfo></ns1:miscinfo>
      <ns1:modified_dt>2011-12-16+16%3A27%3A06</ns1:modified_dt>
      <ns1:name>Annapolis</ns1:name>
      <ns1:phone>410.573.1800</ns1:phone>
      <ns1:region>MA</ns1:region>
      <ns1:state>Maryland</ns1:state>
      <ns1:status>OPEN</ns1:status>
      <ns1:tlc>ASI</ns1:tlc>
      <ns1:zipchar>21401</ns1:zipchar>
    </ns1:StoreFeed>
    <ns1:StoreFeed>
      <ns1:address>40+Railroad+St.</ns1:address>
      <ns1:address2></ns1:address2>
      <ns1:blogid>0</ns1:blogid>
      <ns1:city>Andover</ns1:city>
      <ns1:country>USA</ns1:country>
      <ns1:fax>978.749.0621</ns1:fax>
      <ns1:folder>andover</ns1:folder>
      <ns1:hours>Every+Day%3A+8am+-+9pm</ns1:hours>
      <ns1:lat>42.659069</ns1:lat>
      <ns1:lon>-71.144719</ns1:lon>
      <ns1:mapblurb></ns1:mapblurb>
      <ns1:miscinfo></ns1:miscinfo>
      <ns1:modified_dt>2011-12-16+16%3A27%3A05</ns1:modified_dt>
      <ns1:name>Andover</ns1:name>
      <ns1:phone>978.749.6664</ns1:phone>
      <ns1:region>NA</ns1:region>
      <ns1:state>Massachusetts</ns1:state>
      <ns1:status>OPEN</ns1:status>
      <ns1:tlc>AVR</ns1:tlc>
      <ns1:zipchar>01810</ns1:zipchar>
    </ns1:StoreFeed>
    <ns1:StoreFeed>
      <ns1:address>1400+Glades+Rd</ns1:address>
      <ns1:address2>Ste+110</ns1:address2>
      <ns1:blogid>94</ns1:blogid>
      <ns1:city>Boca+Raton</ns1:city>
      <ns1:country>USA</ns1:country>
      <ns1:fax>561.447.0001</ns1:fax>
      <ns1:folder>bocaraton</ns1:folder>
      <ns1:hours>+8%3A00+a.m.+to+10%3A00+p.m.+seven+days+a+week.</ns1:hours>
      <ns1:lat>26.365397</ns1:lat>
      <ns1:lon>-80.109004</ns1:lon>
      <ns1:mapblurb></ns1:mapblurb>
      <ns1:miscinfo></ns1:miscinfo>
      <ns1:modified_dt>2011-12-16+16%3A27%3A06</ns1:modified_dt>
      <ns1:name>Boca+Raton</ns1:name>
      <ns1:phone>561.447.0000</ns1:phone>
      <ns1:region>FL</ns1:region>
      <ns1:state>Florida</ns1:state>
      <ns1:status>OPEN</ns1:status>
      <ns1:tlc>BCA</ns1:tlc>
      <ns1:zipchar>33431</ns1:zipchar>
    </ns1:StoreFeed>
    <ns1:StoreFeed>
      <ns1:address>2111+Briarcliff+Rd+NE</ns1:address>
      <ns1:address2></ns1:address2>
      <ns1:blogid>29</ns1:blogid>
      <ns1:city>Atlanta</ns1:city>
      <ns1:country>USA</ns1:country>
      <ns1:fax>404.634.0229</ns1:fax>
      <ns1:folder>briarcliff</ns1:folder>
      <ns1:hours>8%3A00+a.m.+to+10%3A00+p.m.+Monday+to+Saturday%3Cbr%3E9%3A00+a.m.+to+9%3A00+p.m.+Sunday.</ns1:hours>
      <ns1:lat>33.81514</ns1:lat>
      <ns1:lon>-84.334285</ns1:lon>
      <ns1:mapblurb></ns1:mapblurb>
      <ns1:miscinfo></ns1:miscinfo>
      <ns1:modified_dt>2011-12-16+16%3A27%3A05</ns1:modified_dt>
      <ns1:name>Briarcliff</ns1:name>
      <ns1:phone>404.634.7800</ns1:phone>
      <ns1:region>SO</ns1:region>
      <ns1:state>Georgia</ns1:state>
      <ns1:status>OPEN</ns1:status>
      <ns1:tlc>BCF</ns1:tlc>
      <ns1:zipchar>30329</ns1:zipchar>
    </ns1:StoreFeed>
    <ns1:StoreFeed>
      <ns1:address>170+Great+Rd</ns1:address>
      <ns1:address2></ns1:address2>
      <ns1:blogid>0</ns1:blogid>
      <ns1:city>Bedford</ns1:city>
      <ns1:country>USA</ns1:country>
      <ns1:fax>781.275.1571</ns1:fax>
      <ns1:folder>bedford</ns1:folder>
      <ns1:hours>+8%3A00+a.m.+to+9%3A00+p.m.+seven+days+a+week.</ns1:hours>
      <ns1:lat>42.490061</ns1:lat>
      <ns1:lon>-71.27422</ns1:lon>
      <ns1:mapblurb></ns1:mapblurb>
      <ns1:miscinfo></ns1:miscinfo>
      <ns1:modified_dt>2011-12-16+16%3A27%3A05</ns1:modified_dt>
      <ns1:name>Bedford</ns1:name>
      <ns1:phone>781.275.8264</ns1:phone>
      <ns1:region>NA</ns1:region>
      <ns1:state>Massachusetts</ns1:state>
      <ns1:status>OPEN</ns1:status>
      <ns1:tlc>BED</ns1:tlc>
      <ns1:zipchar>01730</ns1:zipchar>
    </ns1:StoreFeed>
    <ns1:StoreFeed>
      <ns1:address>4004+Bellaire+Blvd</ns1:address>
      <ns1:address2></ns1:address2>
      <ns1:blogid>92</ns1:blogid>
      <ns1:city>Houston</ns1:city>
      <ns1:country>USA</ns1:country>
      <ns1:fax>713.667.4013</ns1:fax>
      <ns1:folder>bellaire</ns1:folder>
      <ns1:hours>8%3A00+a.m.+to+10%3A00+p.m.+seven+days+a+week.%0D%0A%0D%0AHoliday+Hours%3A%0D%0ADecember+23-+8am-10pm%0D%0AChristmas+Eve-8am-8pm%0D%0AChristmas+Day-CLOSED%0D%0ADecember+26-8am-10pm</ns1:hours>
      <ns1:lat>29.706224</ns1:lat>
      <ns1:lon>-95.441226</ns1:lon>
      <ns1:mapblurb></ns1:mapblurb>
      <ns1:miscinfo></ns1:miscinfo>
      <ns1:modified_dt>2011-12-16+16%3A27%3A06</ns1:modified_dt>
      <ns1:name>Bellaire</ns1:name>
      <ns1:phone>713.667.4090</ns1:phone>
      <ns1:region>SW</ns1:region>
      <ns1:state>Texas</ns1:state>
      <ns1:status>OPEN</ns1:status>
      <ns1:tlc>BEL</ns1:tlc>
      <ns1:zipchar>77025</ns1:zipchar>
    </ns1:StoreFeed>
    <ns1:StoreFeed>
      <ns1:address>5269+River+Rd</ns1:address>
      <ns1:address2></ns1:address2>
      <ns1:blogid>79</ns1:blogid>
      <ns1:city>Bethesda</ns1:city>
      <ns1:country>USA</ns1:country>
      <ns1:fax>301.984.4870</ns1:fax>
      <ns1:folder>bethesda</ns1:folder>
      <ns1:hours>8%3A00+a.m.+to+9%3A00+p.m.+seven+days+a+week.</ns1:hours>
      <ns1:lat>38.965906</ns1:lat>
      <ns1:lon>-77.104971</ns1:lon>
      <ns1:mapblurb></ns1:mapblurb>
      <ns1:miscinfo></ns1:miscinfo>
      <ns1:modified_dt>2011-12-16+16%3A27%3A05</ns1:modified_dt>
      <ns1:name>Bethesda</ns1:name>
      <ns1:phone>301.984.4860</ns1:phone>
      <ns1:region>MA</ns1:region>
      <ns1:state>Maryland</ns1:state>
      <ns1:status>OPEN</ns1:status>
      <ns1:tlc>BET</ns1:tlc>
      <ns1:zipchar>20816</ns1:zipchar>
    </ns1:StoreFeed>
    <ns1:StoreFeed>
      <ns1:address>8003+Turkey+Lake+Road</ns1:address>
      <ns1:address2>Phillips+Crossing</ns1:address2>
      <ns1:blogid>0</ns1:blogid>
      <ns1:city>Orlando</ns1:city>
      <ns1:country>USA</ns1:country>
      <ns1:fax>407.355.7101</ns1:fax>
      <ns1:folder>orlando</ns1:folder>
      <ns1:hours>8%3A00+a.m.+to+10%3A00+p.m.+seven+days+a+week.</ns1:hours>
      <ns1:lat>28.447436</ns1:lat>
      <ns1:lon>-81.477279</ns1:lon>
      <ns1:mapblurb></ns1:mapblurb>
      <ns1:miscinfo></ns1:miscinfo>
      <ns1:modified_dt>2011-12-16+16%3A27%3A05</ns1:modified_dt>
      <ns1:name>Orlando</ns1:name>
      <ns1:phone>407.355.7100</ns1:phone>
      <ns1:region>FL</ns1:region>
      <ns1:state>Florida</ns1:state>
      <ns1:status>OPEN</ns1:status>
      <ns1:tlc>BHL</ns1:tlc>
      <ns1:zipchar>32819</ns1:zipchar>
    </ns1:StoreFeed>
    <ns1:StoreFeed>
      <ns1:address>21105+Biscayne+Blvd</ns1:address>
      <ns1:address2></ns1:address2>
      <ns1:blogid>56</ns1:blogid>
      <ns1:city>Aventura</ns1:city>
      <ns1:country>USA</ns1:country>
      <ns1:fax>305.933.2567</ns1:fax>
      <ns1:folder>aventura</ns1:folder>
      <ns1:hours>8%3A00+a.m.+to+10%3A00+p.m.+seven+days+a+week.</ns1:hours>
      <ns1:lat>25.970933</ns1:lat>
      <ns1:lon>-80.14335</ns1:lon>
      <ns1:mapblurb></ns1:mapblurb>
      <ns1:miscinfo></ns1:miscinfo>
      <ns1:modified_dt>2011-12-16+16%3A27%3A06</ns1:modified_dt>
      <ns1:name>Aventura</ns1:name>
      <ns1:phone>305.933.1543</ns1:phone>
      <ns1:region>FL</ns1:region>
      <ns1:state>Florida</ns1:state>
      <ns1:status>OPEN</ns1:status>
      <ns1:tlc>BIS</ns1:tlc>
      <ns1:zipchar>33180</ns1:zipchar>
    </ns1:StoreFeed>
    <ns1:StoreFeed>
      <ns1:address>731+East+Blithedale</ns1:address>
      <ns1:address2></ns1:address2>
      <ns1:blogid>0</ns1:blogid>
      <ns1:city>Mill+Valley</ns1:city>
      <ns1:country>USA</ns1:country>
      <ns1:fax></ns1:fax>
      <ns1:folder>blithedale</ns1:folder>
      <ns1:hours>8am-9pm+Everyday</ns1:hours>
      <ns1:lat>37.902417</ns1:lat>
      <ns1:lon>-122.525682</ns1:lon>
      <ns1:mapblurb></ns1:mapblurb>
      <ns1:miscinfo></ns1:miscinfo>
      <ns1:modified_dt>2011-12-16+16%3A27%3A05</ns1:modified_dt>
      <ns1:name>Blithedale</ns1:name>
      <ns1:phone>415.381.3900</ns1:phone>
      <ns1:region>NC</ns1:region>
      <ns1:state>California</ns1:state>
      <ns1:status>OPEN</ns1:status>
      <ns1:tlc>BLD</ns1:tlc>
      <ns1:zipchar>94941</ns1:zipchar>
    </ns1:StoreFeed>
    <ns1:StoreFeed>
      <ns1:address>255+Hartford+Ave</ns1:address>
      <ns1:address2></ns1:address2>
      <ns1:blogid>0</ns1:blogid>
      <ns1:city>Bellingham</ns1:city>
      <ns1:country>USA</ns1:country>
      <ns1:fax>508.966.0994</ns1:fax>
      <ns1:folder>bellingham</ns1:folder>
      <ns1:hours>+8%3A00+a.m.+to+9%3A00+p.m.+seven+days+a+week%2C+except+holidays.</ns1:hours>
      <ns1:lat>42.114699</ns1:lat>
      <ns1:lon>-71.461807</ns1:lon>
      <ns1:mapblurb></ns1:mapblurb>
      <ns1:miscinfo></ns1:miscinfo>
      <ns1:modified_dt>2011-12-16+16%3A27%3A05</ns1:modified_dt>
      <ns1:name>Bellingham</ns1:name>
      <ns1:phone>508.966.3331</ns1:phone>
      <ns1:region>NA</ns1:region>
      <ns1:state>Massachusetts</ns1:state>
      <ns1:status>OPEN</ns1:status>
      <ns1:tlc>BLH</ns1:tlc>
      <ns1:zipchar>02019</ns1:zipchar>
    </ns1:StoreFeed>
    <ns1:StoreFeed>
      <ns1:address>1146+Blossom+Hill+Rd.</ns1:address>
      <ns1:address2></ns1:address2>
      <ns1:blogid>0</ns1:blogid>
      <ns1:city>San+Jose</ns1:city>
      <ns1:country>USA</ns1:country>
      <ns1:fax></ns1:fax>
      <ns1:folder>blossomhill</ns1:folder>
      <ns1:hours>8am-10pm+Everyday</ns1:hours>
      <ns1:lat>37.25039</ns1:lat>
      <ns1:lon>-121.8777657</ns1:lon>
      <ns1:mapblurb></ns1:mapblurb>
      <ns1:miscinfo></ns1:miscinfo>
      <ns1:modified_dt>2011-12-16+16%3A27%3A04</ns1:modified_dt>
      <ns1:name>Blossom+Hill</ns1:name>
      <ns1:phone>408.266.3700</ns1:phone>
      <ns1:region>NC</ns1:region>
      <ns1:state>California</ns1:state>
      <ns1:status>OPEN</ns1:status>
      <ns1:tlc>BLL</ns1:tlc>
      <ns1:zipchar>95118</ns1:zipchar>
    </ns1:StoreFeed>
    <ns1:StoreFeed>
      <ns1:address>888+116th+Ave+NE</ns1:address>
      <ns1:address2></ns1:address2>
      <ns1:blogid>0</ns1:blogid>
      <ns1:city>Bellevue</ns1:city>
      <ns1:country>USA</ns1:country>
      <ns1:fax></ns1:fax>
      <ns1:folder>bellevue</ns1:folder>
      <ns1:hours>7+am+-+10+pm+everyday+with+the+Coffee+Bar+available+starting+at+6+am%21</ns1:hours>
      <ns1:lat>47.618067</ns1:lat>
      <ns1:lon>-122.185495</ns1:lon>
      <ns1:mapblurb></ns1:mapblurb>
      <ns1:miscinfo>Holiday+hours%3A%0D%0A12%2F21+-+7a-10p%0D%0A12%2F22+%26+12%2F23+-+7a-11p%0D%0AChristmas+Eve+-+7a-6p%0D%0AChristmas+Day+-+CLOSED</ns1:miscinfo>
      <ns1:modified_dt>2011-12-16+16%3A27%3A05</ns1:modified_dt>
      <ns1:name>Bellevue</ns1:name>
      <ns1:phone>425.462.1400</ns1:phone>
      <ns1:region>PN</ns1:region>
      <ns1:state>Washington</ns1:state>
      <ns1:status>OPEN</ns1:status>
      <ns1:tlc>BLV</ns1:tlc>
      <ns1:zipchar>98004</ns1:zipchar>
    </ns1:StoreFeed>
    <ns1:StoreFeed>
      <ns1:address>444+S.Wadsworth+Blvd</ns1:address>
      <ns1:address2></ns1:address2>
      <ns1:blogid>0</ns1:blogid>
      <ns1:city>Lakewood</ns1:city>
      <ns1:country>USA</ns1:country>
      <ns1:fax>303.935.5206</ns1:fax>
      <ns1:folder>belmar</ns1:folder>
      <ns1:hours>7%3A30+a.m.+to+9%3A30+p.m.+seven+days+a+week.</ns1:hours>
      <ns1:lat>39.707808</ns1:lat>
      <ns1:lon>-105.081321</ns1:lon>
      <ns1:mapblurb></ns1:mapblurb>
      <ns1:miscinfo>Open+Thanksgiving+Day+7%3A30am+-+2%3A00+pm</ns1:miscinfo>
      <ns1:modified_dt>2011-12-16+16%3A27%3A05</ns1:modified_dt>
      <ns1:name>Belmar</ns1:name>
      <ns1:phone>303.935.5000</ns1:phone>
      <ns1:region>RM</ns1:region>
      <ns1:state>Colorado</ns1:state>
      <ns1:status>OPEN</ns1:status>
      <ns1:tlc>BMR</ns1:tlc>
      <ns1:zipchar>80226</ns1:zipchar>
    </ns1:StoreFeed>
    <ns1:StoreFeed>
      <ns1:address>2610+NE+Hwy+20</ns1:address>
      <ns1:address2></ns1:address2>
      <ns1:blogid>110</ns1:blogid>
      <ns1:city>Bend</ns1:city>
      <ns1:country>USA</ns1:country>
      <ns1:fax>541.389.0526</ns1:fax>
      <ns1:folder>bend</ns1:folder>
      <ns1:hours>8%3A00+a.m.+to+9%3A00+p.m.+seven+days+a+week.</ns1:hours>
      <ns1:lat>44.055037</ns1:lat>
      <ns1:lon>-121.266093</ns1:lon>
      <ns1:mapblurb></ns1:mapblurb>
      <ns1:miscinfo></ns1:miscinfo>
      <ns1:modified_dt>2011-12-16+16%3A27%3A04</ns1:modified_dt>
      <ns1:name>Bend</ns1:name>
      <ns1:phone>541.389.0151</ns1:phone>
      <ns1:region>PN</ns1:region>
      <ns1:state>Oregon</ns1:state>
      <ns1:status>OPEN</ns1:status>
      <ns1:tlc>BND</ns1:tlc>
      <ns1:zipchar>97701</ns1:zipchar>
    </ns1:StoreFeed>
  </ns0:feeds>
</ns0:Consume>
